pname,player_id,year_id,WAR,pWAA,swa550,swa600,swa700,wa2,wa3,wa4,wa5,wa6,wa7,wa8,ibat,ihof
BabeRuth,ruthba01,1914,163.199999545,126.079999346,117.108439299,108.136879251,90.1937591563,123.499999523,106.359999418,89.8899993896,73.8899993896,59.6499996185,47.0099992752,35.0099992752,1,1
BarryBonds,bondsba01,1986,162.5299986,123.600000411,114.140010851,104.680021291,85.7600421714,119.949998617,98.9499986172,79.3199987411,62.3199987411,45.5499987602,31.109998703,18.0199995041,1,0
WillieMays,mayswi01,1951,156.089999026,110.790000141,99.8282704124,88.8665406841,67.0822812364,115.019999027,96.0199990273,78.0599989891,61.7199988365,46.5699987411,32.9799990654,20.6199989319,1,1
TyCobb,cobbty01,1905,151.080001533,102.319999665,90.5150592128,79.0045387732,57.0683975601,105.340001583,84.8200016022,65.4700016975,47.0800018311,31.3200016022,20.4400014877,13.1000013351,1,1
HankAaron,aaronha01,1954,142.38999912,95.3900014162,84.3893919712,73.3887825263,51.6542435904,100.659999132,81.5799992085,62.6499991417,45.0299992561,29.0299992561,14.1699991226,4.00999927521,1,1
TrisSpeaker,speaktr01,1907,133.939999282,89.430000186,78.720990405,68.011980624,47.3820809689,95.4999992847,76.4999992847,57.9299993515,40.3799991608,25.2399992943,13.9899992943,6.50999927521,1,1
HonusWagner,wagneho01,1897,130.590000005,92.4400000572,83.16226007,73.8845200827,57.6522799807,91.2300000191,72.7699999809,56.8699998856,41.8699998856,28.3299999237,17.2699999809,9.30000019073,1,1
StanMusial,musiast01,1941,128.129999995,83.0500009954,72.4916512518,62.1880015143,42.8463215622,88.0099999905,70.3599998951,53.75,38.990000248,26.2500004768,16.1100001335,8.19000053406,1,1
RogersHornsby,hornsro01,1915,126.96999982,98.3799999487,91.4739399867,84.5678800247,70.7557601008,95.2399997711,80.2399997711,65.2399997711,50.9400000572,39.3200001717,28.8500003815,19.8500003815,1,1
EddieCollins,collied01,1906,123.989999315,79.2100008372,68.6216512097,58.0670415805,38.4331219683,84.4699993134,66.1999993324,49.2299995422,34.6199994087,24.0599999428,15.259999752,8.21000003815,1,1
TedWilliams,willite01,1939,123.159999669,95.4400005192,88.6505807261,81.8611609331,68.2823213471,89.0999996662,73.0999996662,58.2299995422,45.2299995422,32.2299995422,21.2999997139,13.3400001526,1,1
AlexRodriguez,rodrial01,1994,115.470000863,78.7399989367,69.7456484663,61.1312979913,44.0176368713,82.0800008774,65.8100008965,50.0600008965,37.4700007439,26.8300008774,17.0300006866,8.44000053406,1,0
LouGehrig,gehrilo01,1923,112.470000327,78.95000045,70.7414604823,62.5329205146,46.7504810459,84.1600003242,70.1600003242,57.0100002289,44.6700000763,32.6700000763,20.990000248,11.7600002289,1,2
RickeyHenderson,henderi01,1979,110.690000132,73.8400002569,66.3418702608,59.0737402689,45.419360321,68.0700001717,50.9000000954,35.8000001907,23.0,13.3100004196,7.51000022888,4.51000022888,1,1
MickeyMantle,mantlmi01,1951,109.710000634,78.8800002038,71.4226200888,64.7341798987,51.9183596067,74.5300006866,59.050000906,45.6200008392,33.8000006676,23.5400009155,16.2800006866,11.2800006866,1,1
MelOtt,ottme01,1926,107.889999811,72.6799994186,63.8590993233,55.0653992329,37.7965589828,72.7099997997,54.8699998856,38.0,22.8999996185,11.5600004196,4.44000053406,0.880000114441,1,1
NapLajoie,lajoina01,1896,107.19999948,72.1400002688,63.9703404523,55.9222806239,40.6912810922,70.9899995327,54.289999485,39.8099994659,27.5799994469,18.6299991608,11.2199993134,4.83999919891,1,1
FrankRobinson,robinfr02,1956,107.110000096,65.0600006282,54.8467107583,44.6334208884,25.866761025,68.2100000381,50.2100000381,33.8499999046,20.3399996758,11.0999994278,4.49999952316,0.699999809265,1,1
MikeSchmidt,schmimi01,1972,106.509999342,74.3200000823,66.5888702509,59.3230004334,44.9860007811,75.1599993706,61.1599993706,47.1599993706,33.1599993706,20.1399993896,9.96999931335,3.38999938965,1,1
JoeMorgan,morgajo02,1963,100.369999927,63.850000158,55.5476302072,47.385260257,33.9621205835,63.2999999523,47.5299999714,34.9600000381,24.9600000381,17.7899999619,12.7899999619,7.78999996185,1,1
JimmieFoxx,foxxji01,1925,96.4599992335,65.2099998146,57.4898899424,49.7697800701,35.2111603634,66.8099992275,52.8099992275,39.0299992561,27.4399995804,18.3399996758,10.4899997711,4.98999977112,1,1
EddieMathews,matheed01,1952,96.190000087,58.9000003617,50.6420204169,42.5077205051,26.9654406407,64.1500000954,50.1500000954,37.1500000954,24.5700001717,13.8500003815,5.42000055313,0.440000534058,1,1
CarlYastrzemski,yastrca01,1961,95.9800000638,55.3300001323,46.5697701348,39.2945201542,26.6964803867,57.9300000668,42.1700000763,29.6700000763,20.5500001907,14.9500002861,11.3800001144,8.38000011444,1,1
CalRipken,ripkeca01,1981,95.5899995863,57.2499999404,48.6840699935,40.3522000914,27.8209205298,59.5799996853,43.9599997997,30.3399996758,21.6499996185,14.3699994087,9.10999917984,5.58999919891,1,1
RobertoClemente,clemero01,1955,94.2599997818,59.3500000797,51.6039101402,43.9178201993,30.3495203342,61.2299997807,46.1899998188,32.3199996948,21.1499996185,12.4400000572,5.13000011444,1.13000011444,1,2
CapAnson,ansonca01,1871,93.9500004649,55.9700000435,47.1961199243,38.986919805,25.5678395492,42.6700005531,26.8600001335,15.2300000191,6.84000015259,2.30999994278,-0,-0,1,2
AlKaline,kalinal01,1953,92.6500001848,58.5499997735,50.7642796814,43.231959532,30.1179193263,54.5900001526,37.6600003242,25.7900004387,15.3900003433,7.25999975204,3.18999958038,0.699999809265,1,1
AlbertPujols,pujolal01,2001,91.5199999809,67.0099999905,61.0540699928,55.0981399951,43.1862799997,67.5199999809,55.5199999809,43.5199999809,31.5399999619,21.6300001144,13.0399999619,5.52999973297,1,0
WadeBoggs,boggswa01,1982,90.9099988043,58.5399993546,51.4332794935,44.7350395715,32.9247196789,57.7099988461,43.5299987793,31.1599988937,22.2699995041,14.2699995041,7.5999994278,1.89999961853,1,1
GeorgeBrett,brettge01,1973,88.3899996132,56.7600001097,49.9438502082,43.1277003067,29.9014405499,54.8099997044,40.3299996853,28.1099996567,18.6899995804,11.3999996185,6.39999961853,2.26999950409,1,1
ChipperJones,jonesch06,1993,85.1499993205,53.3000004143,45.56045068,38.200560918,24.9102015745,48.9699993134,33.1099994183,20.6799993515,12.1999993324,4.98999977112,0.960000038147,-0,1,0
GeorgeDavis,davisge01,1890,84.7700004131,49.2099999413,41.7277597769,34.6612596273,21.2525193214,49.0400004387,33.6600005627,19.7700004578,9.36000013351,3.55000019073,0.369999885559,-0,1,2
RogerConnor,connoro01,1880,84.160000056,54.8499997556,47.6839296809,40.8446196296,28.5695593991,50.2000000477,34.4300000668,22.4200000763,12.7000002861,5.26999998093,1.76999998093,0.130000114441,1,2
KenGriffey,griffke02,1989,83.650000101,54.7699995637,47.9198294484,41.0696593331,28.0164392381,53.7699999809,40.7699999809,29.5599999428,19.5900001526,12.0800004005,6.56000041962,3.47000026703,1,0
RodCarew,carewro01,1967,81.1699997485,47.6399999931,40.4306700887,33.8209401982,22.6836003823,46.0399997234,32.8499999046,23.4099998474,14.7600002289,8.80000019073,3.99000024796,1.69999980927,1,1
CharlieGehringer,gehrich01,1924,80.7399999052,48.1199995838,40.6113095132,33.3626194331,19.5009987414,51.5799999237,38.5799999237,25.75,15.5500001907,8.71999979019,3.19999980927,0.449999809265,1,2
JeffBagwell,bagweje01,1991,79.4800003469,51.659999609,44.9799294329,38.2998592567,25.7646387262,51.1500003338,37.1500003338,23.8700003624,13.5100002289,7.0,2.69000005722,0.159999847412,1,0
PeteRose,rosepe01,1963,79.4200004637,44.0900001675,35.718750144,28.1504800852,15.5641195927,47.4600002766,32.120000124,19.7000002861,9.9500002861,3.84000062943,1.27000045776,0.270000457764,1,0
DanBrouthers,broutda01,1879,79.369999744,55.4900003597,49.7066005143,43.9830206776,32.5960409927,48.8499996662,35.3999996185,22.9199995995,12.9199995995,5.88000011444,3.05000019073,1.05000019073,1,2
BrooksRobinson,robinbr01,1955,78.3600005526,44.1599998474,35.9733296597,27.8910394349,16.1620389857,45.8500006199,30.8800005913,18.430000782,11.1500005722,6.1500005722,3.07000017166,0.390000343323,1,1
JoeDiMaggio,dimagjo01,1936,78.2500004768,54.6999994516,48.9773492025,43.2546989534,31.8585183716,52.2500004768,39.4200005531,27.4200005531,16.5300006866,9.74000024796,4.66000032425,1.34000015259,1,1
RobinYount,yountro01,1974,77.1199997365,41.4199999273,34.6823899863,28.8102399979,20.9043600349,41.4399995804,28.9499995708,20.1999998093,12.279999733,6.89999961853,3.89999961853,2.53999996185,1,1
OzzieSmith,smithoz01,1978,76.5100005865,43.9299998879,36.4771897101,29.0243795322,16.6270787907,43.060000658,28.9700007439,17.2700009346,7.31000089645,2.63000011444,0.269999980927,-0,1,1
PaulMolitor,molitpa01,1978,75.4599991404,40.6200005338,32.8795208661,25.2590411958,12.4678015885,39.8599991798,24.8299992085,12.8799991608,4.64999914169,0.199999809265,-0,-0,1,1
BillDahlen,dahlebi01,1891,75.3100000992,41.1900001913,33.4542902344,26.0146002507,14.6217203879,40.1500000954,24.5599999428,13.5799999237,5.17000007629,1.19000005722,0.110000133514,-0,1,0
JohnnyBench,benchjo01,1967,75.1599986665,49.0799996555,42.890789902,36.7015801485,24.664480659,47.4099986553,34.4099986553,22.0699987411,12.1899995804,6.6299996376,2.86999988556,0.579999923706,1,1
SamCrawford,crawfsa01,1899,75.1499995887,36.1900001913,27.5562503594,20.220020525,7.40780070877,42.4799995422,27.7399995327,15.2099995613,4.73999977112,0.239999771118,-0,-0,1,2
LouWhitaker,whitalo01,1977,74.7799992263,42.7099999934,35.2379401795,27.8458803637,13.9462004437,39.5499992371,24.0199992657,10.5199995041,4.17999982834,1.40999984741,-0,-0,1,0
LukeAppling,applilu01,1930,74.4600005224,44.0400003195,37.3453502731,30.6507002268,18.4622402842,42.9300005436,30.1900005341,18.710000515,8.91000032425,3.36000013351,0.579999923706,-0,1,2
ReggieJackson,jacksre01,1967,74.000000596,44.6399997473,37.6525495646,31.0550993676,19.2077991972,45.6200006008,32.4000005722,21.3100004196,12.0600004196,6.22000026703,3.03000020981,1.25,1,1
FrankThomas,thomafr04,1990,73.6400001328,40.6200001538,33.9415301714,27.6743202701,17.246840517,41.1300001144,28.4500002861,18.8400001526,10.5900001526,3.78000020981,0.280000209808,-0,1,0
ArkyVaughan,vaughar01,1932,72.9599995613,47.3500007093,41.2875409907,35.6450812589,24.3601617954,46.909999609,35.6299996376,24.779999733,15.7299995422,9.44999980927,4.4500002861,1.80000019073,1,2
PaulWaner,wanerpa01,1926,72.8300003093,40.8299994133,34.0461891915,27.6677389751,15.0754785278,40.6800003052,28.4100003242,16.4100003242,7.25,2.63999986649,-0,-0,1,1
JimThome,thomeji01,1991,72.8000002783,39.7600000948,32.6370200557,25.624040016,13.277160087,38.3000001907,25.2600002289,14.6900000572,6.86999988556,2.92000007629,0.920000076294,-0,1,0
LarryWalker,walkela01,1989,72.6300003827,48.539999783,42.6496796359,36.9456594921,26.3077594161,41.1800003052,28.8200004101,18.0300002098,9.90000009537,5.67000055313,3.6500005722,1.81000041962,1,0
DerekJeter,jeterde01,1995,72.3300005496,35.7499997616,27.9739995878,20.5712193856,10.313598731,39.9800004959,25.7500004768,14.4800004959,7.72000074387,4.10000085831,1.55000066757,0.0200004577637,1,0
HarryHeilmann,heilmha01,1914,72.1600002274,40.2400003076,33.2970303482,26.900920435,16.6089606018,42.5200002193,30.1100001335,19.75,12.1700000763,6.65000009537,2.53999996185,1.32999992371,1,1
RafaelPalmeiro,palmera01,1986,71.7699998021,33.5599995628,25.1670095642,18.2852796183,7.22435896778,38.1999998093,23.3699996471,11.6499996185,4.57000017166,1.17000007629,-0,-0,1,0
BobbyGrich,grichbo01,1970,70.9700006843,43.5199999511,36.9303197665,30.670639595,19.9156795032,40.8400006294,28.9000005722,18.7700004578,11.3100004196,4.99000024796,1.91000032425,0.340000152588,1,0
JohnnyMize,mizejo01,1936,70.9100009277,45.2099999264,39.3293996867,33.8390194534,22.9757989783,45.2900009155,35.0400009155,25.0400009155,15.2000007629,6.80000066757,1.41000032425,-0,1,2
RonSanto,santoro01,1960,70.5699995458,43.2400006652,36.6211808853,31.1158611169,20.7006817265,47.4299995899,36.1499996185,27.0499997139,18.8399996758,12.3699998856,7.27999973297,3.57999992371,1,2
FrankieFrisch,friscfr01,1919,70.3799996972,41.300000459,34.732950621,29.1290207634,18.5970811534,39.4799997807,26.4599997997,16.3999996185,10.5499997139,6.5499997139,2.70999956131,1.18999958038,1,1
AlanTrammell,trammal01,1977,70.3499990795,44.7700001001,38.5200403684,32.3420807184,21.435161154,41.5399990082,27.8099989891,17.07999897,9.81999921799,3.86999940872,1.19999980927,0.199999809265,1,0
BarryLarkin,larkiba01,1986,70.1800000072,45.3399996124,39.9315695292,34.5831394446,23.9884791446,39.8199999332,27.2599999905,16.2300000191,8.23000001907,2.25000047684,0.160000324249,-0,1,1
BobbyWallace,wallabo01,1894,70.0899999086,38.6700001247,31.384860197,24.8386602966,12.2932808254,40.4599997997,28.2399997711,16.2399997711,6.7999997139,2.07999992371,0.719999790192,-0,1,2
ScottRolen,rolensc01,1996,69.9900007248,45.2200005651,39.2324805251,33.3916204478,22.05324034,37.5000007153,24.6700007915,13.6700005531,7.07000017166,3.74000024796,2.10000038147,1.10000038147,1,0
GaryCarter,cartega01,1974,69.8399997875,44.090000093,38.0987501521,32.4149002189,21.9825600761,42.1499998569,31.1499998569,21.5,13.5,6.51000022888,2.11000013351,0.590000152588,1,1
EdDelahanty,delahed01,1888,69.489998769,46.2699999809,40.7976402752,35.3621405963,25.4652412424,45.5199987888,34.5699987411,24.5699987411,15.1799988747,6.54999923706,1.28999996185,-0,1,0
MannyRamirez,ramirma02,1993,69.1199999452,37.8999997079,30.5298096613,23.2985196596,11.8119596996,36.6599998474,23.1599998474,11.6999998093,4.11999988556,1.30999994278,0.269999980927,-0,1,0
TimRaines,raineti01,1979,69.0699996594,36.7600003891,29.7411705464,24.0097807302,14.2881209436,35.5899996758,22.9999997616,14.4899997711,8.48999977112,3.07999992371,0.579999923706,-0,1,0
TonyGwynn,gwynnto01,1982,68.8799995184,36.5799999237,29.3774000122,23.0851799977,13.7416799984,33.6899995804,21.7299997807,13.2899999619,7.25,3.46999979019,1.52999973297,0.529999732971,1,1
AlSimmons,simmoal01,1924,68.6399997622,38.7600001544,32.4308802424,26.1680602889,16.0607602621,40.4699997902,28.9599997997,18.9299998283,10.720000267,5.71000003815,2.15999984741,-0,1,1
CarltonFisk,fiskca01,1969,68.3399997354,40.2899996936,33.4577896662,27.0255796448,14.9030394728,33.7299997807,18.5399999619,9.63000011444,5.21000003815,2.26000022888,0.300000190735,-0,1,1
IvanRodriguez,rodriiv01,1991,68.3399994299,37.7900002003,30.7332803833,24.0442006119,13.542120904,34.8299994469,20.8099992275,12.0499992371,5.44999980927,1.40999984741,-0,-0,1,0
EdgarMartinez,martied01,1987,68.2799995765,41.3099998087,34.8461998572,28.3823999057,16.6112000246,41.659999609,29.0599997044,18.7199997902,8.99999952316,2.33999967575,0.039999961853,-0,1,0
EddieMurray,murraed02,1977,68.1900003254,34.9500002265,27.9686102074,21.2466803036,11.0965206203,35.6800003052,22.2600002289,11.2800002098,4.55000019073,1.67000007629,0.0300002098083,-0,1,1
KennyLofton,loftoke01,1991,68.1199999042,39.2900005355,33.0802406926,27.3626808575,17.9674412203,34.3099999428,24.3099999428,15.3299999237,8.2999997139,3.34999990463,0.80999994278,-0,1,0
GraigNettles,nettlgr01,1967,67.9799995609,36.5700000804,29.2495401955,22.5444803421,11.3243206904,37.1399996281,24.8999996185,15.6299996376,7.30999946594,3.4500002861,1.4500002861,-0,1,0
FredClarke,clarkfr01,1894,67.7300006356,36.2799999602,28.6618697982,21.4127796812,10.5167195306,33.810000658,19.2800004482,8.29000043869,1.88000011444,0.510000228882,-0,-0,1,0
ErnieBanks,bankser01,1953,67.5899999291,37.5599992871,31.7707291759,27.0167390292,18.2943987362,42.1199998856,31.4999997616,23.9299998283,17.3499999046,12.029999733,7.61999988556,3.81999969482,1,1
RyneSandberg,sandbry01,1981,67.5800007656,38.8700000495,32.1023798537,26.2228396311,17.4450793242,39.9600007534,27.6000008583,18.8900008202,12.2600007057,6.50000047684,2.4000005722,0.520000457764,1,1
RobertoAlomar,alomaro01,1988,66.7800005637,37.1299998164,29.8448596235,22.8404394431,11.0694390574,39.1100006104,26.1600005627,15.5800004005,8.27000045776,3.39000034332,0.69000005722,-0,1,1
DwightEvans,evansdw01,1972,66.6599996388,34.7300000489,27.8433801566,21.0676403091,10.7204004021,32.6999995708,18.7199995518,9.0499997139,3.46000003815,1.01000022888,-0,-0,1,0
DukeSnider,snidedu01,1947,66.5299994498,39.3299997151,32.9415297895,26.8845599682,16.8781201701,40.8499994278,31.1799995899,22.5199995041,14.9499993324,9.8499994278,5.8499994278,2.22999954224,1,1
JoeCronin,cronijo01,1926,66.3799997866,37.3200003095,30.616660433,24.1459805608,13.7209609884,38.509999752,26.509999752,15.9199995995,9.81999969482,4.78999948502,1.68999958038,0.449999809265,1,1
Pee WeeReese,reesepe01,1940,66.1699997783,33.2799998671,26.3343199099,19.5886399556,8.13396006775,37.529999733,25.8799996376,14.8799996376,5.80999946594,1.07999992371,-0,-0,1,2
GooseGoslin,gosligo01,1921,66.1400009543,31.7500005141,25.1368004676,19.8402804806,11.5718405905,35.7600009441,22.9800007343,14.6900005341,7.93000030518,3.01000022888,0.480000019073,-0,1,2
BuddyBell,bellbu01,1972,65.9099998139,35.6600005813,29.3122807648,23.2448810272,13.7868411174,35.6799998283,22.7899997234,12.3399996758,6.17999982834,1.5499997139,-0,-0,1,0
WillieRandolph,randowi01,1975,65.5899998248,36.5299998224,29.5923498267,22.8765397839,11.3642399883,32.4699997902,18.8399999142,8.28999996185,2.63999986649,0.570000171661,-0,-0,1,0
CarlosBeltran,beltrca01,1998,65.0499992967,39.1900003143,33.2788405658,27.4851007884,17.3890010099,36.2299993038,24.0899994373,14.1299996376,7.71999979019,3.48999977112,1.18999958038,0.189999580383,1,0
AdrianBeltre,beltrad01,1998,65.0299997181,37.1999999378,31.1465899948,25.3852800488,15.2505599232,38.0599997044,26.0599997044,17.0199999809,11.0199999809,6.32999992371,3.34000015259,1.55000019073,1,0
CraigBiggio,biggicr01,1988,64.9400004148,36.2399999425,29.8666798077,24.1936196322,15.1353194046,35.3600003719,23.210000515,14.0200004578,7.61000061035,4.08000040054,2.35000038147,1.35000038147,1,0
WillieMcCovey,mccovwi01,1959,64.4399999864,38.7799997926,32.7305197214,26.8545197066,16.027839272,35.3800001144,24.1500003338,16.7900004387,9.79000043869,4.05000066757,1.06000041962,0.0600004196167,1,1
AndreDawson,dawsoan01,1976,64.4100001603,35.4699994922,28.2060193103,22.2330392197,14.0406789312,35.0700001717,22.8100001812,14.4500002861,8.94000005722,4.94000005722,1.28999996185,-0,1,1
ReggieSmith,smithre06,1966,64.3700000718,38.2200004458,31.8218105368,25.4741205869,14.4998008885,34.620000124,21.6700003147,11.3000001907,4.00000047684,0.780000209808,-0,-0,1,0
DaveWinfield,winfida01,1973,64.0400003009,31.6299997568,24.5152696565,18.1705395372,9.78935934925,31.5000002384,18.5700004101,9.73000049591,4.35000038147,2.30000019073,1.30000019073,0.300000190735,1,1
BillyWilliams,willibi01,1959,63.7499998286,30.4399996996,23.7033996832,17.8950996512,8.03635963464,34.5199997425,23.7499997616,14.2999997139,7.18999958038,2.98999977112,0.769999980927,-0,1,1
RichieAshburn,ashburi01,1948,63.400000155,33.7600000203,26.8903100303,20.6804800324,10.5606799793,38.5800001621,27.2400000095,17.0599999428,9.17000007629,3.0,0.0599999427795,-0,1,2
BillyHamilton,hamilbi01,1888,63.0999991149,39.5000004172,33.8065107341,28.113021051,17.9173617816,36.9799990654,25.6199989319,15.6199989319,7.62999916077,2.94999933243,1.14999961853,0.14999961853,1,2
LouBoudreau,boudrlo01,1938,63.0000005383,42.3400009274,37.6208510151,32.9917011064,24.2122814169,39.9000005722,29.9000005722,20.8900003433,14.6900000572,9.72000026703,5.72000026703,2.39000034332,1,1
KenBoyer,boyerke01,1955,62.8899995536,34.1999995708,27.7787295791,21.9102196059,11.9685995436,37.6799995899,28.1499996185,19.5499997139,11.5499997139,4.76999950409,1.45999956131,-0,1,0
JesseBurkett,burkeje01,1890,62.8399997056,30.7699996531,23.7246995955,17.668599519,8.11739933157,32.5699996948,19.1399998665,9.09999990463,3.73000001907,1.11000013351,0.110000133514,-0,1,0
AndruwJones,jonesan01,1996,62.6799999699,39.9099991992,34.2947390124,28.7494788258,19.7150386167,38.8099999428,27.8099999428,19.25,11.4600000381,5.86000013351,1.53000020981,0.0900001525879,1,0
FrankBaker,bakerfr01,1908,62.6499999464,36.8399995398,30.7811694349,24.7523393293,13.7549991354,39.2799999714,28.8899998665,19.3199996948,11.8199996948,6.86999988556,3.42999982834,1.19999980927,1,2
JoeJackson,jacksjo01,1908,62.4000001252,41.1299999729,35.9699899465,30.8499799193,20.6327198098,41.9400000572,33.3400001526,25.3400001526,17.75,11.0699996948,6.06999969482,2.73999977112,1,0
MarkMcGwire,mcgwima01,1986,62.049999088,38.650000155,33.3598904058,28.3466406929,19.0978410692,33.449999094,22.699999094,14.0499992371,6.8499994278,2.36999940872,0.469999790192,-0,1,0
JackGlasscock,glassja01,1879,61.8200002164,39.0600002334,33.5701802339,28.5859002364,20.2928801346,30.5900001526,19.5700001717,12.5700001717,6.22000026703,2.78999996185,0.0999999046326,-0,1,0
ToddHelton,heltoto01,1997,61.6799996905,37.2299997211,31.7073697363,26.5918796959,18.6450795269,36.5499997139,25.9199998379,18.4699997902,12.3899998665,7.38999986649,3.94000005722,1.15999984741,1,0
SalBando,bandosa01,1966,61.5799999014,35.5599995553,29.2808794821,23.1735793341,13.469759292,37.8699998856,26.8699998856,17.25,9.40999984741,3.34999990463,1.28999996185,0.289999961853,1,0
JackieRobinson,robinja02,1947,61.3899996281,39.2799999118,33.9471999711,29.1844000232,19.9773600254,41.3899996281,31.7899997234,24.0499997139,17.4999995232,12.1199994087,7.16999959946,3.69999980927,1,1
JakeBeckley,becklja01,1888,61.3600003421,28.7899999302,21.4907597868,14.7838996708,3.75603954458,26.0600004196,12.4400002956,1.80000019073,-0,-0,-0,-0,1,2
WillieDavis,daviswi02,1960,60.6600005329,27.4400000125,21.2806499675,16.6610799302,8.7912799077,28.4400005341,17.8600001335,10.8600001335,5.10000038147,2.35000038147,1.35000038147,0.35000038147,1,0
HarmonKillebrew,killeha01,1954,60.3999985512,33.0299997814,26.245440086,20.1275403288,9.79532094097,32.7999985218,19.6799986362,10.5099987984,4.19999933243,0.669999599457,-0,-0,1,1
BobbyAbreu,abreubo01,1996,60.3799999859,31.7699996531,26.4120496119,21.6370396088,13.8291594939,31.2699999809,21.1799998283,13.4499998093,6.44999980927,1.19000005722,-0,-0,1,0
GarySheffield,sheffga01,1988,60.3599995133,34.7699998617,28.2624599556,21.7666400115,12.975479672,31.5499994755,18.6699995995,10.1099996567,5.01999998093,1.05999994278,-0,-0,1,0
JimEdmonds,edmonji01,1993,60.2899993211,37.9700002447,33.0212204609,28.2924406834,19.1388812585,35.2099993229,25.169999361,15.5299992561,7.48999929428,2.07999944687,0.139999866486,-0,1,0
KeithHernandez,hernake01,1974,60.0700009167,34.2100002468,27.821530075,21.894779913,12.1111196628,33.2900009155,21.5900008678,12.0600008965,5.97000026703,2.46000003815,0.570000171661,-0,1,0
ZackWheat,wheatza01,1909,59.9999998808,29.4200001955,22.7520802685,17.118700263,8.69411997366,26.129999876,13.75,7.75,2.78999996185,0.789999961853,-0,-0,1,2
VladimirGuerrero,guerrvl01,1996,59.9099997208,32.8199999928,27.2798900699,21.989780147,12.6640803242,33.0499997139,22.5999996662,13.6699995995,6.69999933243,2.44999980927,0.449999809265,-0,1,0
YogiBerra,berrayo01,1946,59.2700008526,34.7299999893,28.7521997807,22.8315195656,12.5903992801,28.2800009251,16.9800007343,8.84000062943,2.77000045776,0.340000152588,-0,-0,1,1
MikePiazza,piazzmi01,1992,59.2000000067,39.6600003839,34.9749604777,30.2899205716,21.3593608165,34.0199999809,23.0999999046,14.4699997902,7.83999967575,3.89999961853,1.65999984741,0.659999847412,1,0
SherryMagee,mageesh01,1904,59.0700000823,32.0600000322,26.4325999727,21.1351999264,11.2035198231,29.8600001335,19.2600002289,10.5199999809,4.27999973297,1.55999994278,-0,-0,1,0
DickAllen,allendi01,1963,58.7399996687,35.9200001955,30.4768003172,25.3641004579,16.0677206545,36.3199996948,26.1299996376,18.1299996376,12.1299996376,7.34999990463,3.92000007629,1.38000011444,1,0
DarrellEvans,evansda01,1969,58.4699999839,29.8200001046,23.4128701009,18.0612199447,9.99331983662,29.0900001526,17.2500002384,9.26000022888,6.22000026703,4.22000026703,2.22000026703,1.01000022888,1,0
SammySosa,sosasa01,1989,58.4200002588,35.8099997938,30.8294496806,26.2488995734,17.8385194292,34.7300002575,24.5400002003,15.740000248,8.86000013351,4.73000001907,3.30000019073,2.30000019073,1,0
JohnOlerud,olerujo01,1989,57.9800001457,28.0199999399,22.1374699793,17.1095199921,9.29439987803,28.6900000572,18.3499999046,11.2699999809,6.21000003815,3.32999992371,1.32999992371,-0,1,0
BobbyBonds,bondsbo01,1968,57.6100001782,33.5700001009,27.6782800804,21.910980031,11.5934399848,33.5600001812,22.6500003338,13.220000267,5.92000007629,2.6299996376,0.69000005722,-0,1,0
HankGreenberg,greenha01,1930,57.599999221,37.0899994373,32.1595294901,27.2290595428,18.6736794984,36.8099992275,27.189999342,19.6999993324,12.6999993324,6.1799993515,1.47999954224,-0,1,1
JoeTorre,torrejo01,1960,57.4499993604,27.8800000437,20.7479502167,14.8252603598,6.26220035175,27.8399994373,16.6299993992,9.26999950409,3.40999984741,0.360000133514,-0,-0,1,0
WillieStargell,stargwi01,1962,57.2899996862,29.6599996686,24.0786796577,19.0410796121,11.6157995749,27.5399997234,17.1799998283,10.4400000572,5.61000013351,3.15999984741,1.15999984741,-0,1,1
BobJohnson,johnsbo01,1933,57.1299993992,30.8300004005,24.4391006439,18.0482008872,7.94136134672,31.1299993992,18.1299993992,8.07999944687,3.13999986649,0.759999752045,-0,-0,1,0
JoeGordon,gordojo01,1938,57.1100001335,37.1499999762,32.2997199379,27.4494398997,18.978759964,35.1300001144,26.1300001144,17.8800001144,10.8000001907,4.71000051498,1.22000026703,0.220000267029,1,2
IchiroSuzuki,suzukic01,2001,57.0400001407,30.7599999756,24.6588399508,18.8945,10.4901199799,34.6400001049,24.6400001049,15.5999999046,8.88000011444,4.88999986649,2.88999986649,1.15999984741,1,0
JohnnyDamon,damonjo01,1995,56.3099995404,22.0599998534,15.3048099213,9.91829996669,2.64431981087,24.4899995327,12.7099995613,4.94999980927,1.48999977112,0.159999847412,-0,-0,1,0
WillClark,clarkwi02,1986,56.2400004864,29.0400001109,22.7977200568,17.5571000081,9.58675982428,25.3100004196,14.9600002766,8.60000038147,5.41000032425,3.22000026703,1.60000038147,0.60000038147,1,0
BillDickey,dickebi01,1928,55.8800004944,31.9199996293,26.3795994308,20.8391992324,11.2332789993,26.340000391,14.090000391,6.25000047684,1.53000020981,0.210000038147,-0,-0,1,1
RobinVentura,venturo01,1989,55.8499997221,29.0500002354,22.9401603265,17.3803204145,8.0806005888,28.009999752,18.1699998379,10.4699997902,3.98000001907,0.679999828339,-0,-0,1,0
LuisAparicio,aparilu01,1956,55.6899995506,24.4500001073,17.8088202495,12.0245203328,4.5402002821,24.4699995518,12.3899996281,4.65999984741,0.69000005722,-0,-0,-0,1,1
JimmyWynn,wynnji01,1963,55.6700002253,34.2300000191,28.7503499727,23.3200800024,14.0983599367,34.7800002098,24.3100001812,15.9500002861,8.44000005722,4.19999980927,1.19999980927,-0,1,0
JoeMedwick,medwijo01,1932,55.459999878,30.2199994326,24.3913693206,19.1253992155,10.2085992546,30.379999876,19.7999999523,11.6999998093,6.71999979019,3.71999979019,1.61999988556,0.5,1,1
ChetLemon,lemonch01,1975,55.339999944,33.1899998784,27.7516598651,22.5075598509,12.961919755,29.5699999332,17.7899999619,9.03999996185,4.02999973297,0.369999885559,-0,-0,1,0
JeffKent,kentje01,1992,55.1900003403,29.6400003321,23.7555703337,18.247900403,8.88212046289,25.9600002766,15.3000001907,7.96000003815,4.40999984741,2.21000003815,0.210000038147,-0,1,0
EnosSlaughter,slaugen01,1938,55.1200004555,24.4899998456,17.9262096971,12.1115796955,3.71707984161,25.5000004768,14.6900002956,7.07000017166,2.61999988556,0.469999790192,-0,-0,1,2
ChaseUtley,utleych01,2003,54.6699998677,39.8000003099,36.2546304177,32.7092605255,25.618520741,36.3899998665,28.0899999142,21.3499999046,15.3499999046,9.50999975204,4.50999975204,1.18999958038,1,0
BillyHerman,hermabi01,1931,54.539999634,27.2200003266,20.5593704941,14.42256064,7.34328063822,27.409999609,15.1799995899,8.11999988556,4.32999992371,1.59000015259,-0,-0,1,2
BillTerry,terrybi01,1923,54.3099996038,32.5600000322,27.2796101362,21.9992202402,12.8449203901,31.659999609,22.1099996567,13.2999997139,7.11999988556,2.96000003815,0.760000228882,-0,1,1
JoseCruz,cruzjo01,1970,54.2999996543,27.4600003362,21.9012904897,16.6165406252,7.78972103357,26.1799995899,15.4699995518,8.22999954224,2.75,0.460000038147,-0,-0,1,0
GeorgeSisler,sislege01,1915,54.2000007182,31.809999764,27.3872195448,23.4068994167,16.4343590126,33.7400007248,25.960000515,18.960000515,12.8000006676,7.26000070572,4.45000076294,2.45000076294,1,1
VadaPinson,pinsova01,1958,54.180000037,24.1100001484,18.3971002316,13.5054602897,6.21952013111,29.0099999905,19.629999876,12.1799998283,6.53999996185,2.44000005722,0.550000190735,-0,1,0
WillieKeeler,keelewi01,1892,54.0800007768,26.3599996753,21.030829427,15.9268391161,7.54979875042,27.5100007057,16.5700006485,8.14000082016,2.83000040054,1.15000009537,0.150000095367,-0,1,1
TonyPerez,perezto01,1964,53.9499998167,26.4800000191,20.246600086,15.0964001111,8.00368006349,26.6799998283,15.7899999619,9.26999998093,4.38999986649,1.21000003815,0.199999809265,-0,1,1
MaxCarey,careyma01,1910,53.8899997156,25.5699999332,19.7873599937,14.3984000999,6.46051992214,24.3099997044,13.3099997044,4.96999979019,0.30999994278,-0,-0,-0,1,2
JoeSewell,seweljo01,1920,53.7499997616,23.4399998486,17.3583698797,11.8751398786,4.07363995838,27.779999733,17.5399997234,9.33999967575,4.0499997139,1.48000001907,0.480000019073,-0,1,2
HarryHooper,hoopeha01,1909,53.4700003266,18.8300001323,12.0184601331,7.32664006591,2.32864009857,22.740000248,9.82000017166,2.91000032425,0.220000267029,-0,-0,-0,1,2
RonCey,ceyro01,1971,53.3000002485,28.3599998951,23.3226098036,18.285219712,9.7625996933,27.2500002384,17.2500002384,8.86000013351,3.03999996185,0.69000005722,-0,-0,1,0
JoeTinker,tinkejo01,1902,53.2800002322,30.7299999297,25.2260498558,19.7220997819,10.3518396119,26.7800002098,14.2800002098,5.30000019073,2.86000013351,1.86000013351,0.860000133514,-0,1,0
GabbyHartnett,hartnga01,1922,53.2799998373,30.2299995609,24.5351094939,18.8902194277,9.70699967605,21.0199997425,9.31999993324,3.61999988556,0.369999885559,-0,-0,-0,1,1
JimmyCollins,colliji01,1895,53.2699998766,28.6500002444,22.609020335,16.9622605078,8.85028076839,27.7999999523,18.5699999332,10.4499998093,4.46999979019,1.63999986649,-0,-0,1,0
BertCampaneris,campabe01,1964,53.2599993423,27.0399998426,21.356229962,15.6724600813,6.20287997532,28.4299993515,17.4299993515,8.68999958038,3.21999979019,0.659999847412,-0,-0,1,0
ElmerFlick,flickel01,1898,53.1200003996,30.5500001758,25.2355901204,20.1630800799,10.5306402109,32.0800004005,22.8700003624,13.8700003624,6.3700003624,1.53999996185,-0,-0,1,2
JackClark,clarkja01,1975,52.9099999201,26.6899997033,20.5193996539,14.8701795059,6.64431917572,22.5799999237,10.9100000858,4.03000020981,1.36000013351,-0,-0,-0,1,0
SamRice,ricesa01,1915,52.8000007123,18.2299998254,11.3026496146,5.80461942938,0.0900000035763,22.6000006199,11.0400006771,3.04000043869,-0,-0,-0,-0,1,2
BidMcPhee,mcphebi01,1882,52.6699995995,25.9300002418,20.2664204019,14.6628405607,5.65488069963,19.6199996471,8.8799996376,2.85999965668,0.259999752045,-0,-0,-0,1,2
CesarCedeno,cedence01,1970,52.6000007838,30.979999736,26.9694794853,23.168959228,16.1726386995,27.3800008297,20.180000782,13.180000782,6.97000074387,3.38000059128,1.38000059128,0.0200004577637,1,0
FredMcGriff,mcgrifr01,1986,52.5600002147,26.2999994755,21.0622493138,16.8677191983,9.841559021,23.9600002766,14.4400000572,7.86000013351,3.30999994278,0.909999847412,-0,-0,1,0
StanHack,hackst01,1932,52.4700003564,25.4099998176,19.6802697042,14.9786395794,7.52067942047,24.2000002861,14.2800002098,7.7000002861,2.33000040054,0.0300002098083,-0,-0,1,0
NormCash,cashno01,1958,52.129999619,26.6900002956,21.1344704517,16.1814005642,8.64148084068,24.1199996471,13.2899997234,6.77999973297,4.55999994278,3.21000003815,2.21000003815,1.21000003815,1,0
MickeyCochrane,cochrmi01,1925,52.0800008774,29.5199999213,24.0885896596,19.0171794122,9.76571891761,27.6900007725,17.9200007915,8.95000076294,2.80000066757,0.260000228882,-0,-0,1,1
LanceBerkman,berkmla01,1999,51.8800006509,30.1100001484,25.0621500397,20.214299934,11.6167996039,27.7700006962,18.6000006199,11.2300004959,5.4000005722,1.24000024796,-0,-0,1,0
JasonGiambi,giambja01,1995,51.7099996656,27.4400002211,23.0299403472,19.3007604455,12.3315206791,28.7499995232,21.3199996948,15.3199996948,9.91999959946,5.96999979019,2.96999979019,1.10999965668,1,0
JimO'Rourke,o'rouji01,1872,51.5300003588,22.9800001476,17.8291601031,13.2549800957,5.70172006559,12.9600002766,3.58000040054,0.510000228882,-0,-0,-0,-0,1,2
LuisGonzalez,gonzalu01,1990,51.5099994913,24.4899998289,19.2469198496,14.9206998324,8.57355994844,21.8999996185,12.8399999142,7.75,4.61999988556,2.38000011444,0.94000005722,-0,1,0
BrianDowning,downibr01,1973,51.4000000041,22.5799999088,16.2852799029,10.5977599627,3.51219963098,18.5399999619,8.01000022888,3.51000022888,1.17000007629,-0,-0,-0,1,0
BobbyDoerr,doerrbo01,1937,51.2600001097,28.9499996305,23.8642995059,19.2719993336,11.7211191859,26.6400001049,16.3400001526,8.6200003624,2.6200003624,-0,-0,-0,1,2
TobyHarrah,harrato01,1969,51.1999995932,24.9299998879,19.1551199828,13.8806400878,7.27608006048,24.9899995327,15.1299996376,7.8799996376,4.19999980927,1.53999996185,0.0700001716614,-0,1,0
BrianGiles,gilesbr02,1995,50.819999814,29.9100000709,24.7268101148,19.8666401576,11.7189999055,26.5599999428,17.2200000286,9.19000005722,3.73000001907,1.03999996185,-0,-0,1,0
KirbyPuckett,puckeki01,1984,50.7899998426,26.4299998283,20.836139833,15.9872198436,8.03680000687,27.4499998093,16.8199996948,9.71999979019,5.35999965668,2.73999977112,0.739999771118,-0,1,1
TonyPhillips,phillto02,1982,50.780000329,24.5199997574,19.0052196425,14.289139483,6.6339192183,21.6300003529,13.1800003052,5.93000030518,0.760000228882,-0,-0,-0,1,0
BobElliott,elliobo01,1939,50.6599999964,22.63000031,17.1552304172,12.2004605221,4.67516061854,23.9300000668,14.2199997902,7.61999988556,3.50999975204,1.2999997139,-0,-0,1,0
JoeKelley,kellejo01,1891,50.5299997628,27.7900000513,22.3638101205,16.9650201672,9.11644057369,25.4399998188,15.6499998569,9.10999965668,4.63999986649,1.59999990463,0.0199999809265,-0,1,2
TedSimmons,simmote01,1968,50.2200000063,28.4599998184,22.717909786,16.9758197537,7.31415936284,28.0499999523,16.0499999523,6.74000024796,1.30999994278,-0,-0,-0,1,0
MinnieMinoso,minosmi01,1949,50.2099998891,30.5199996457,25.6464495857,20.9883594995,12.6663992098,29.8599998951,20.0599999428,11.5900001526,5.59999990463,2.53999996185,1.30000019073,0.300000190735,1,0
OrlandoCepeda,cepedor01,1958,50.1399999484,21.0299998894,14.7230298489,9.92543980449,3.76851953411,24.4500000477,14.0499999523,6.90000009537,3.13000011444,0.800000190735,-0,-0,1,2
TonyLazzeri,lazzeto01,1926,49.9600003958,23.6400002874,18.0885802638,13.2849001628,6.70516000259,24.5000004768,14.2600004673,8.00000047684,4.2000002861,2.05000019073,0.769999980927,-0,1,2
FredLynn,lynnfr01,1974,49.9399995208,27.7700004764,23.6431206951,19.7162409204,12.1281212661,24.9899995327,17.189999342,10.4499993324,6.20999956131,4.20999956131,2.20999956131,0.859999656677,1,0
BernieWilliams,willibe02,1991,49.5199998617,27.2699997127,22.1213096892,17.3026196787,7.87063981533,27.2299997807,17.779999733,9.56999969482,2.99999952316,0.409999847412,-0,-0,1,0
EllisBurks,burksel01,1987,49.5100000799,25.1099994779,19.4865193319,14.5334592793,8.81275922847,20.9400000572,10.8800001144,6.19000005722,3.19000005722,1.92999982834,0.929999828339,-0,1,0
JimmySheckard,sheckji01,1897,49.5000000782,22.0800001025,17.1803801023,12.9285001015,6.74692003155,21.2200000286,12.1700000763,6.44000005722,3.44000005722,1.44000005722,0.0599999427795,-0,1,0
BrettButler,butlebr01,1981,49.4799998328,24.7699994594,19.7279393557,15.0161993392,7.06115936518,25.1099998951,15.2099997997,7.25999975204,1.90999984741,0.80999994278,-0,-0,1,0
RalphKiner,kinerra01,1946,49.4300002307,26.990000248,22.0136602587,18.0994203266,10.8423204908,30.5200002193,22.8200001717,16.8200001717,11.3600001335,6.80999994278,3.57999992371,0.579999923706,1,1
LarryDoby,dobyla01,1947,49.3700000644,32.1799999475,27.6844999186,23.2082799398,15.1221998405,29.1500000954,19.9700000286,11.4400000572,5.67000007629,2.0,0.0199999809265,-0,1,2
NellieFox,foxne01,1947,49.0400005281,24.9999999851,20.4382398571,15.9864797285,8.96991964722,25.210000515,16.210000515,8.93000030518,4.08000040054,1.89000034332,0.880000114441,-0,1,2
JimFregosi,fregoji01,1961,48.7300001513,28.0499998555,23.7634797811,19.4769597067,11.5095196323,28.8300001621,20.8300001621,12.9000000954,6.7000002861,3.57999992371,1.57999992371,-0,1,0
DaveBancroft,bancrda01,1915,48.5099999085,27.4300001711,22.8033002607,18.6966003461,11.1038404598,24.7199997902,15.7199997902,8.42999982834,4.13000011444,1.32000017166,0.289999961853,-0,1,2
HeinieGroh,grohhe01,1912,48.4300000183,27.3700002022,22.5191602473,17.6883202919,9.60616023588,25.2300000191,15.0999999046,8.21000003815,3.40000009537,1.03000020981,0.0300002098083,-0,1,0
LarryGardner,gardnla01,1908,48.1899992637,19.4599996582,13.3665097372,7.83137985629,1.52272001326,21.9999992847,11.4799993038,3.38999938965,0.639999866486,-0,-0,-0,1,0
EarlAverill,averiea01,1929,48.05999998,24.7299997807,19.077819725,13.6925996811,6.54395948982,27.9900000095,17.9900000095,9.36000013351,4.42999982834,1.38999986649,-0,-0,1,2
ToriiHunter,hunteto01,1997,48.0100007951,22.1100000739,15.9785699099,10.3871397674,4.15767940474,23.4600007534,11.580000639,3.8700003624,1.07000017166,-0,-0,-0,1,0
MarkTeixeira,teixema01,2003,47.810000658,25.5599999428,20.153249769,15.5143396952,7.86259930277,23.8400006294,13.5200006962,5.79000043869,2.51000022888,1.23000001907,0.230000019073,-0,1,0
JohnnyEvers,eversjo01,1902,47.8000000305,25.0399996731,20.1092495865,15.6902395447,8.40183943367,22.0599999428,13.0599999428,5.92999982834,1.84000015259,-0,-0,-0,1,0
CyYoung,youngcy01,1890,170.200001776,106.939100921,92.0770019902,77.8326558634,50.5716585636,127.400001764,108.900001764,91.600001812,74.600001812,57.600001812,40.7000017166,28.3000020981,0,1
WalterJohnson,johnswa01,1907,152.499999613,98.821501255,85.6804261527,72.5393510504,49.3314542212,112.899999619,93.6999995708,75.8999996185,60.5999994278,48.8999996185,38.2999992371,29.2999992371,0,1
RogerClemens,clemero02,1984,139.199999332,94.5576997995,83.709621013,73.1174774352,55.2728202076,91.8999993801,72.1999993324,55.6999993324,41.0999994278,28.2999997139,18.1999998093,9.69999980927,0,0
PeteAlexander,alexape01,1911,116.800000042,77.8608994167,68.3578660666,58.8681327162,40.7024184781,80.2000000477,63.8000001907,49.4000000954,36.5000004768,26.3000006676,18.0000004768,11.6000003815,0,1
KidNichols,nichoki01,1890,116.600001454,76.7780994177,66.5667772402,56.3554550626,35.9328107076,90.8000013828,77.1000013351,64.1000013351,51.4000015259,39.6000013351,28.6000013351,19.4000015259,0,2
LeftyGrove,grovele01,1925,110.000000894,74.7861003429,66.5099044803,58.3597086198,42.0593168988,80.300000906,66.400001049,53.400001049,40.400001049,28.900001049,18.0000009537,10.8000011444,0,1
TomSeaver,seaveto01,1967,106.100000918,67.3202001005,57.9911505346,49.3681009541,32.3597745891,66.6000008583,49.800000906,34.5000009537,21.7000007629,12.6000008583,7.70000076294,4.70000076294,0,1
GregMaddux,maddugr01,1986,104.799999349,68.4229005873,59.9440287707,51.7027569528,37.483042398,64.2999994755,46.8999996185,32.9999995232,21.5999994278,13.4999995232,7.2999997139,3.39999961853,0,0
RandyJohnson,johnsra05,1988,104.100000516,70.9755002856,64.0534753566,57.6712504159,45.7090565608,66.3000004292,52.8000004292,41.6000003815,31.3000001907,22.1000003815,14.3000001907,7.30000019073,0,0
PhilNiekro,niekrph01,1964,97.2999996915,55.0483998656,45.5577961084,36.5780336773,22.0519742918,59.3999996185,43.3999996185,29.8999996185,19.0999994278,11.5999994278,6.2999997139,2.89999961853,0,1
BertBlyleven,blylebe01,1970,96.4000001624,57.8605000973,48.6898015862,39.5611798716,23.6313917875,58.3000001907,41.5000002384,26.9000000954,15.1999998093,7.49999952316,3.99999952316,1.89999961853,0,1
ChristyMathewson,mathech01,1900,95.3000014275,64.3568997681,56.716341226,49.3493826959,35.2355527382,70.9000015259,58.4000015259,46.4000015259,35.3000016212,24.8000016212,14.9000015259,8.30000114441,0,1
GaylordPerry,perryga01,1962,93.7000008374,50.8298000693,41.3357897785,32.7247326617,16.9187445669,56.800000906,41.800000906,29.6000008583,19.0000004768,11.6000003815,7.10000038147,3.60000038147,0,1
WarrenSpahn,spahnwa01,1942,92.6999989748,46.6948995292,35.5410123721,25.1784339447,10.842203557,58.599998951,41.3999989033,26.1999988556,15.3999991417,8.89999961853,5.19999980927,2.39999961853,0,1
TimKeefe,keefeti01,1880,88.8000013381,54.2996013165,46.6450041583,39.4180132756,27.3693053703,64.7000012398,52.8000011444,41.8000011444,32.4000015259,25.6000013351,19.7000012398,16.1000013351,0,2
EddiePlank,planked01,1901,86.5000002384,47.3280999586,38.6312993754,30.4811458209,15.1688727045,52.7000002861,37.8000001907,25.3000001907,14.4000000954,6.19999980927,1.7999997139,0.5,0,0
PedroMartinez,martipe02,1992,85.8999993503,62.6951009333,57.2021106165,51.7091202998,40.7231396662,57.6999993324,45.1999993324,34.1999993324,24.5999994278,16.9999995232,10.5999994278,6.39999961853,0,0
JohnClarkson,clarkjo01,1882,85.8000014424,49.8007002771,41.9728265336,34.9101527791,21.4190506277,63.3000013828,53.8000013828,46.5000014305,40.2000012398,34.2000012398,28.2000012398,23.1000013351,0,2
SteveCarlton,carltst01,1965,84.0000002906,46.5011997279,38.458539358,31.4018693962,19.7944915285,49.2000002861,35.6000003815,24.6000003815,16.5000004768,11.1000003815,8.30000019073,6.30000019073,0,1
NolanRyan,ryanno01,1966,83.7999991253,39.0537997931,29.9770366601,22.4437518553,12.1240228825,40.199999094,26.1999993324,15.9999995232,8.2999997139,3.69999980927,1.59999990463,-0,0,1
PudGalvin,galvipu01,1875,83.1999997646,42.8343001306,34.2404351377,26.4725966127,13.6668031421,58.7999997139,48.6999998093,39.7999997139,32.2999997139,26.2999997139,20.8999996185,16.8999996185,0,2
RobinRoberts,roberro01,1948,83.0000006855,43.0847997069,34.7711208824,26.873377609,14.8715495806,49.8000006676,35.2000005245,25.3000006676,18.6000003815,12.6000003815,7.4000005722,3.10000038147,0,1
MikeMussina,mussimi01,1991,82.7999995947,49.1991999149,41.6660055985,34.139685497,20.838394177,48.1999995708,33.5999994278,20.5999994278,9.69999933243,3.99999952316,1.2999997139,0.199999809265,0,0
FergieJenkins,jenkife01,1965,82.5999999642,44.8283000588,36.0144956291,28.0997912348,14.0037137302,49.7999999523,34.0999999046,23.0,15.0,8.59999990463,4.40000009537,2.30000019073,0,1
BobGibson,gibsobo01,1959,81.9999994487,50.0554006696,43.0947631945,36.1341257194,22.8017915525,53.5999994278,41.6999993324,30.7999992371,21.4999990463,13.8999991417,9.49999904633,6.49999904633,0,1
CurtSchilling,schilcu01,1988,80.8000003248,56.3437996507,50.2551428847,44.3286629165,33.0547261527,49.0000002384,36.1000003815,25.1000003815,15.3000001907,7.90000009537,4.40000009537,1.5,0,0
JimMcCormick,mccorji01,1878,75.5000000447,43.1171997488,35.7329336535,28.9343497684,17.6833328838,53.7000000477,43.9000000954,35.9000000954,27.9000000954,19.9000000954,12.8000001907,7.69999980927,0,0
TomGlavine,glavito02,1987,73.9999999478,42.0678996146,34.5999992325,27.8654703003,16.9885551581,36.7999999523,22.5,11.8000001907,5.90000009537,2.59999990463,1.5,0.5,0,0
CharleyRadbourn,radboch01,1881,73.6000001431,40.6549001038,34.2146203436,28.1571405962,17.6598855591,53.8000001907,45.8000001907,37.8000001907,30.8000001907,25.8000001907,20.8000001907,16.8000001907,0,2
KevinBrown,brownke01,1986,68.7000001073,43.227200076,37.4927920819,32.1396908344,22.3516663052,40.2000000477,28.3000001907,18.6000003815,12.0,7.0,2.80000019073,0.60000038147,0,0
DonSutton,suttodo01,1966,68.6999999508,27.9364997074,20.7340341475,14.3940853346,6.90916510439,26.2999999523,13.7000000477,7.30000019073,3.2000002861,0.800000190735,-0,-0,0,1
AmosRusie,rusieam01,1889,68.6000011563,39.8082004786,32.5201929168,25.2321853549,13.4250799351,53.8000011444,45.8000011444,37.8000011444,30.400001049,23.400001049,16.5000009537,10.9000005722,0,2
RedFaber,faberre01,1914,68.400000155,32.4048999846,23.9194164469,16.1384021032,8.61654563999,34.3000001907,21.5000002384,14.7000002861,11.6000003815,8.80000019073,6.80000019073,4.80000019073,0,2
RickReuschel,reuscri01,1972,68.2999995425,40.4840996042,33.9700694229,27.5715392448,16.9585643899,37.0999994278,24.4999992847,14.9999990463,8.29999923706,3.5999994278,2.39999961853,1.39999961853,0,0
JimPalmer,palmeji01,1965,68.0000004321,36.0202997327,28.9782324663,22.317065168,10.7439597616,40.3000004292,30.0000004768,20.0000004768,11.9000005722,5.60000038147,2.0,0.5,0,1
CarlHubbell,hubbeca01,1928,67.7000004649,39.8942997754,33.3451388297,27.1958778734,15.2168247695,39.0000004768,26.7000005245,17.5000004768,12.2000002861,8.2000002861,4.50000047684,2.4000005722,0,1
TedLyons,lyonste01,1923,67.3000002801,33.265300259,26.0891061615,19.4952369141,8.93302664423,33.2000002861,21.6000003815,11.6000003815,4.10000038147,1.40000009537,0.400000095367,-0,0,1
VicWillis,willivi01,1898,66.9999996424,37.592899859,31.3194510322,25.7712022028,16.2524779482,43.8999996185,32.8999996185,23.9999995232,16.9999995232,11.9999995232,7.89999961853,3.89999961853,0,2
JohnSmoltz,smoltjo01,1988,66.7000003904,40.0549997389,33.6726026154,27.7242054772,16.5023984332,33.6000003815,20.0000002384,9.50000047684,3.60000038147,1.30000019073,0.300000190735,-0,0,0
RoyHalladay,hallaro01,1998,66.6000004113,45.8959001601,40.4031038048,34.9103074496,24.9226556399,44.1000003815,33.1000003815,24.6000003815,16.6000003815,9.80000019073,4.7000002861,1.30000019073,0,0
LuisTiant,tiantlu01,1964,65.8999997228,37.5783004016,31.0063044416,25.3936247374,16.4496915083,37.2999997139,25.7999997139,16.7999997139,10.0999999046,5.09999990463,2.19999980927,0.39999961853,0,0
BobFeller,fellebo01,1936,65.2999998629,39.7707000971,34.0287802265,28.2936721621,17.9858713875,40.3999998569,31.2999999523,23.6999998093,17.3999996185,13.1999998093,9.19999980927,5.19999980927,0,1
StanCoveleski,covelst01,1912,65.100000076,37.1759003401,31.3866440648,25.5973877895,15.0240672646,43.4000000954,34.0000002384,25.3000001907,17.8000001907,10.8000001907,5.5,2.5,0,2
MickeyWelch,welchmi01,1880,63.900000155,32.0690001696,24.8289007117,19.2043012717,8.96878199005,47.6000001431,37.6000001431,27.9000000954,19.3000001907,13.3000001907,9.60000038147,6.60000038147,0,2
EdWalsh,walshed01,1904,63.1999991015,38.6756001711,32.8376712328,26.9997422945,15.9700766811,45.8999991417,38.8999991417,31.8999991417,25.1999993324,19.1999993324,14.0999994278,9.39999961853,0,0
DazzyVance,vanceda01,1915,62.4999995753,41.6049998999,36.454614974,31.3520164564,21.887560266,40.6999995708,31.1999995708,22.9999995232,16.3999996185,11.3999996185,7.2999997139,4.39999961853,0,1
DennisEckersley,eckerde01,1975,62.4000004679,34.3619998656,28.2625816148,22.7618633472,12.6371043668,29.0000004768,17.3000004292,10.1000003815,5.00000047684,2.60000038147,0.60000038147,-0,0,1
TommyJohn,johnto01,1963,62.199999921,27.1411000118,20.9616607117,15.4410352952,7.25821777582,23.3999998569,13.0,6.09999990463,1.59999990463,-0,-0,-0,0,0
BobbyMathews,mathebo01,1871,62.0000002682,36.0595003814,29.6399804785,23.5092605767,12.9936897202,43.9000003338,34.3000004292,26.0000004768,19.6000003815,14.4000005722,10.6000003815,7.60000038147,0,0
JuanMarichal,maricju01,1960,61.800000526,32.8363997794,27.0413209797,22.3058626957,14.2786272573,37.5000007153,28.8000006676,22.3000006676,16.3000006676,11.3000006676,6.9000005722,3.4000005722,0,1
DavidCone,coneda01,1986,61.8000000194,39.1451001167,33.6757500432,28.4588599939,18.5806510801,33.0,21.6000001431,12.3000001907,6.5,2.80000019073,0.199999809265,-0,0,0
DonDrysdale,drysddo01,1956,61.2000008076,29.3748003244,22.2626146021,16.0468238126,6.78454353333,35.6000008583,23.9000008106,14.7000007629,7.50000047684,3.0,1.0,0.0,0,1
TommyBond,bondto01,1874,61.1000004262,42.8546004966,38.4938683275,34.1331361583,25.4116718201,51.1000003815,46.1000003815,41.1000003815,36.1000003815,31.1000003815,26.1000003815,21.1000003815,0,0
RubeWaddell,wadderu01,1897,61.0999997407,35.9988003373,30.2648864938,25.2767232754,16.4041614239,39.7999997139,30.6999995708,23.8999996185,18.8999996185,14.1999998093,10.1999998093,6.19999980927,0,0
CharlieBuffinton,buffich01,1882,60.6000005901,40.2889996171,34.6001263966,28.9629652351,21.2558157654,47.7000005245,40.2000005245,33.4000005722,27.4000005722,22.4000005722,18.4000005722,14.4000005722,0,0
HalNewhouser,newhoha01,1939,60.500000231,38.5446996056,33.6037562676,29.3554554479,22.0149112586,36.9000000954,29.5,22.5,16.4000000954,11.0999999046,7.69999980927,4.69999980927,0,2
JoeMcGinnity,mcginjo01,1899,60.3000008464,32.8212995827,27.7508082342,23.0493168736,13.8331486015,39.6000008583,31.0000007153,24.2000007629,18.3000006676,13.6000008583,9.60000085831,6.00000095367,0,0
TonyMullane,mullato01,1881,60.3000003174,35.9844005108,29.8084097538,24.3314237089,15.2823468628,37.9000003338,27.1000003815,18.5000004768,11.3000001907,7.10000038147,4.7000002861,3.60000038147,0,0
JimBunning,bunniji01,1955,60.2999999523,36.693100512,30.4706239625,24.248147413,13.3788973641,39.5999999046,28.5999999046,19.9000000954,13.2000002861,7.80000019073,3.80000019073,1.0,0,2
BretSaberhagen,saberbr01,1984,59.2999999523,37.5516000837,32.465919914,27.5624337577,19.5208894458,32.2999999523,22.6999998093,15.5999999046,10.5999999046,7.0,4.0,1.69999980927,0,0
JackQuinn,quinnja01,1909,59.0000004098,28.9670995995,22.068341994,15.7853105857,6.57894923162,24.7000002861,14.7000002861,6.2000002861,1.10000038147,-0,-0,-0,0,0
AndyPettitte,pettian01,1995,58.4999998808,29.4797002375,23.1881330629,17.7756524453,9.96816983938,25.8999998569,14.1999995708,8.7999997139,5.7999997139,3.19999980927,1.39999961853,0.39999961853,0,0
ChuckFinley,finlech01,1986,58.4999992102,30.926100105,24.5975013658,19.535663022,10.6534278097,30.2999992371,19.3999993801,11.6999993324,6.99999952316,3.99999952316,0.999999523163,-0,0,0
ClarkGriffith,griffcl01,1891,57.7000000775,32.5658000074,26.4696185008,20.5597369887,11.7491821481,36.2000000477,26.2000000477,17.9000000954,11.4000000954,6.80000019073,4.80000019073,2.80000019073,0,0
FrankTanana,tananfr01,1973,57.6000001505,26.3039000463,20.4362394221,15.2984411269,9.11880994797,26.4000000954,17.4000000954,12.3000001907,8.2000002861,5.2000002861,2.2000002861,0.300000190735,0,0
JerryKoosman,koosmje01,1967,57.1000007391,28.1553998385,22.0872686949,16.3739543791,8.69823227596,28.0000007153,16.9000005722,10.9000005722,5.2000002861,1.5,0.199999809265,-0,0,0
EppaRixey,rixeyep01,1912,56.9000005499,26.719400011,20.4788061712,14.8835123248,6.60178630638,26.1000006199,15.8000006676,7.30000066757,2.09999990463,0.0999999046326,-0,-0,0,2
DaveStieb,stiebda01,1979,56.9000000879,35.1884000748,29.8761176621,24.8967056792,15.8856811695,34.4000000954,25.2000000477,16.9000000954,10.3000001907,5.5,1.59999990463,-0,0,0
EddieCicotte,cicoted01,1905,56.7999997288,29.1627006131,22.9320911316,18.1433507535,11.3758015442,32.7999997139,22.8999993801,17.2999992371,13.2999992371,10.0999994278,7.0999994278,4.89999961853,0,0
JackPowell,powelja01,1897,56.2000004649,23.2359000444,17.4126236857,12.4319704651,3.47497296309,27.1000003815,16.5000002384,8.80000019073,4.10000038147,0.300000190735,-0,-0,0,0
RedRuffing,ruffire01,1924,55.4000004977,21.7433001176,15.6653650727,11.3952265716,5.31855312395,22.5000004768,12.8000004292,6.60000038147,3.2000002861,0.900000095367,-0,-0,0,2
KevinAppier,appieke01,1989,55.0000000447,34.452400282,29.5910811288,24.9365619744,16.963935698,32.9000000954,23.1000001431,15.3000001907,9.2000002861,5.30000019073,3.30000019073,1.30000019073,0,0
MordecaiBrown,brownmo01,1903,54.8999999687,33.1001003087,27.6812246895,22.451055108,14.0532514546,30.2999999523,19.8999998569,14.0999999046,9.2999997139,5.99999952316,2.99999952316,0.89999961853,0,2
UrbanShocker,shockur01,1916,54.7999995723,29.0367999673,23.0922424517,17.4208659308,7.38037633517,31.6999995708,22.7999997139,14.7999997139,8.30000019073,3.60000038147,1.10000038147,-0,0,0
TimHudson,hudsoti01,1999,54.3999996185,31.5248002857,26.4724440364,21.5796877916,12.1719406857,28.5999996662,17.6999995708,9.49999952316,5.09999990463,2.40000009537,0.5,-0,0,0
MarianoRivera,riverma01,1995,54.2999998182,31.793899253,26.3735168164,20.9531343798,10.1589895579,22.1999998093,9.39999985695,1.5,0.0,-0,-0,-0,0,0
C.C.Sabathia,sabatc.01,2001,54.1000000238,29.9447002411,24.5123623823,19.0800245235,10.5913306293,28.4000000954,17.5,10.0999999046,5.0,2.0,0.5,-0,0,0
WhiteyFord,fordwh01,1950,53.7999996543,29.2986998558,23.4177840077,17.851758952,8.69097832537,24.2999997139,13.5999996662,5.69999980927,2.0999994278,0.699999809265,-0,-0,0,1
DavidWells,wellsda01,1987,53.6000010148,27.3413002491,20.3286359735,14.1073274657,5.23881513858,23.2000010014,10.1000008583,3.00000095367,-0,-0,-0,-0,0,0
WaiteHoyt,hoytwa01,1918,53.5000001863,23.3985000309,17.2228215301,11.3807442292,4.06540942669,23.4000000954,13.2999999523,5.5,1.2999997139,-0,-0,-0,0,2
SandyKoufax,koufasa01,1955,53.099999845,32.2748000324,27.7731764808,23.5950230392,15.8095460598,34.5999999046,28.5,22.5,17.0999999046,12.4000000954,8.40000009537,5.0,0,1
BillyPierce,piercbi02,1945,52.7000003755,28.7959000468,23.717064666,18.9274653498,11.3318173215,26.4000003338,17.4000000954,10.9000000954,5.60000038147,2.30000019073,0.0999999046326,-0,0,0
LarryJackson,jacksla01,1955,52.5000001192,22.351599887,15.9680600561,10.6481842294,2.54331219292,26.6000001431,15.5,7.90000009537,3.5,1.19999980927,0.199999809265,-0,0,0
MarkBuehrle,buehrma01,2000,52.4000002146,27.2275997996,21.5216739068,16.4039480168,7.00412162638,27.8000001907,17.1000001431,7.7000002861,2.30000019073,0.0999999046326,-0,-0,0,0
TommyBridges,bridgto01,1930,52.400000155,28.9182997644,23.3659233462,18.2959469281,9.69732171619,27.6000001431,16.3000001907,7.7000002861,2.0,0.300000190735,-0,-0,0,0
WilburWood,woodwi01,1961,52.2999996021,29.8323996272,24.6104894312,19.8358884831,11.3101417396,33.6999995708,26.5999996662,20.8999996185,15.8999996185,11.8999996185,8.89999961853,6.39999961853,0,0
AlSpalding,spaldal01,1871,52.2999994159,30.4620997906,25.0825901787,19.7030805669,11.5196852655,40.5999994278,34.5999994278,29.1999993324,24.1999993324,19.1999993324,14.1999993324,9.5999994278,0,2
TedBreitenstein,breitte01,1891,51.9999990463,28.3893997967,23.0630673894,18.0790141181,10.6206932852,34.7999989986,27.7999989986,21.4999990463,17.0999994278,13.0999994278,9.0999994278,5.29999923706,0,0
OrelHershiser,hershor01,1983,51.6000001654,27.7130995989,22.0263944981,17.6911899394,10.7368051138,24.6000001431,16.5000002384,10.8000001907,6.5,2.59999990463,0.199999809265,-0,0,0
EarlyWynn,wynnea01,1939,51.6000000834,27.3328002095,21.9704706662,17.1470808972,10.2017083716,23.2999999523,14.0,8.5,4.5,1.90000009537,0.800000190735,-0,0,1
BoboNewsom,newsobo01,1929,51.5999999121,27.119999893,20.975754954,15.8405342135,9.04621494627,25.7999999523,16.0000002384,10.1000003815,5.80000019073,2.90000009537,0.900000095367,-0,0,0
DutchLeonard,leonadu02,1933,51.3999997377,24.3487000726,18.6874970388,13.4138732178,5.28023386359,21.4999997616,12.8999998569,7.19999980927,3.09999990463,0.900000095367,-0,-0,0,0
KennyRogers,rogerke01,1989,51.2000006363,26.651800286,21.0887427137,15.7720073352,7.79786576557,23.6000006199,14.5000004768,8.10000038147,3.30000019073,1.5,0.5,-0,0,0
SilverKing,kingsi01,1886,51.1999993846,33.9594997689,31.3759701057,28.8298404423,23.938431139,37.0999994278,31.0999994278,26.8999996185,22.8999996185,18.8999996185,15.6999998093,12.6999998093,0,0
RoyOswalt,oswalro01,2001,50.8000002354,34.152600646,30.0586825451,25.9647644441,18.2225243011,27.0000002384,17.0999999046,10.0999999046,5.40000009537,1.59999990463,-0,-0,0,0
JohanSantana,santajo02,2000,50.6999996826,34.1023999453,30.2149832131,26.3275664809,18.5527330165,32.0999996662,23.4999997616,16.1999998093,10.4000000954,6.40000009537,2.40000009537,0.60000038147,0,0
EddieRommel,rommeed01,1920,50.49999962,25.9515001774,20.3264148016,14.7334110694,5.66979999828,27.3999996185,18.6999998093,11.0999999046,4.40000009537,1.40000009537,0.400000095367,-0,0,0
JamieMoyer,moyerja01,1986,50.3000000566,24.1149998009,18.6329709664,13.9475421161,5.93359319687,21.4000000954,12.2000000477,6.69999980927,2.89999961853,0.599999904633,-0,-0,0,0
MarkLangston,langsma01,1984,50.2000000551,27.527600497,22.7562657056,18.6641773306,12.04717892,26.7000000477,19.2000000477,12.9000000954,7.5,4.0,2.0,0.699999809265,0,0
HoytWilhelm,wilheho01,1952,50.0,28.7626999393,23.8950609268,19.1631219165,10.2040428351,15.5,6.59999990463,3.59999990463,2.59999990463,1.59999990463,0.599999904633,-0,0,1
BabeAdams,adamsba01,1906,49.7000003159,32.8258997798,27.9721933655,23.3580141634,15.3309493792,29.1000001431,19.1000001431,11.2000002861,7.2000002861,3.40000009537,1.0,-0,0,0
JimmyKey,keyji01,1984,49.4000002146,27.4895001724,22.6645461531,17.9070921364,9.35096304131,25.7000002861,16.8000001907,8.90000009537,3.69999980927,1.59999990463,0.400000095367,-0,0,0
DennisMartinez,martide01,1976,49.2999995351,26.5171999484,21.328569664,16.8467278001,10.6250356852,23.9999995232,13.6999993324,6.19999933243,1.5,-0,-0,-0,0,0
WilburCooper,coopewi01,1912,49.000000149,26.392699942,20.8802141563,16.1796003108,8.67417880535,27.3000001907,17.9000003338,10.1000003815,5.00000047684,1.2000002861,-0,-0,0,0
MickeyLolich,lolicmi01,1963,48.9000002742,23.4478001148,18.0283301718,12.7740716079,4.53277446747,27.0000002384,17.5000002384,10.8000001907,6.50000047684,4.00000047684,2.00000047684,0.60000038147,0,0
WesFerrell,ferrewe01,1927,48.7999994233,29.5750998557,24.3180642991,19.3560287294,10.1757799177,33.3999993801,25.1999993324,18.0999994278,12.0999994278,6.0999994278,2.2999997139,0.39999961853,0,0
MelHarder,hardeme01,1928,48.2000002638,23.8791002892,19.0944908958,14.9846997068,7.71093030357,25.7000002861,18.7000002861,12.3000001907,6.60000038147,2.7000002861,0.700000286102,-0,0,0
DwightGooden,goodedw01,1984,48.1000003144,27.6921004355,22.3534967798,17.5545500884,10.6788100197,23.9000003338,15.0000004768,10.0000004768,7.60000038147,6.10000038147,5.10000038147,4.10000038147,0,0
NapRucker,ruckena01,1907,47.9999997616,30.8915003315,26.6580633695,22.4858264079,14.7754141164,31.9999997616,24.8999998569,18.1999998093,12.6999998093,7.89999961853,3.89999961853,0.89999961853,0,0
RonGuidry,guidrro01,1975,47.9000006169,27.2167997882,22.5795819853,17.953704179,10.0921337767,26.1000006199,17.1000006199,10.8000006676,6.4000005722,4.10000038147,2.60000038147,1.60000038147,0,0
FrankViola,violafr01,1982,47.3000007197,27.5821996015,23.2308968353,19.437091007,12.4823602796,27.7000007629,19.6000008583,13.2000007629,8.50000047684,4.50000047684,1.80000019073,0.10000038147,0,0
BurleighGrimes,grimebu01,1916,47.0000005662,26.2472001165,21.2465918292,16.4366929177,10.0048410035,26.7000005245,17.2000005245,10.5000004768,5.4000005722,2.60000038147,0.800000190735,-0,0,2
MiltPappas,pappami01,1957,46.8999998719,24.8430000842,19.6289491271,14.4766292165,6.23479144806,20.0999999046,8.99999976158,2.59999990463,0.900000095367,-0,-0,-0,0,0
BobFriend,frienbo01,1951,46.8000000417,18.2250000015,13.5044112024,9.81042238426,3.91011276054,23.2000000477,14.5,8.90000009537,3.90000009537,0.0,-0,-0,0,0
JimWhitney,whitnji01,1881,46.7000000775,22.6225998551,17.379291572,12.4158508017,6.78629054826,31.8000001907,25.8000001907,19.8000001907,14.3000001907,9.80000019073,5.80000019073,3.0,0,0
HippoVaughn,vaughhi01,1908,46.500000596,29.4499997497,24.8937495324,20.405964054,13.2622815962,29.0000007153,21.0000007153,14.3000006676,8.80000066757,4.4000005722,1.10000038147,-0,0,0
GusWeyhing,weyhigu01,1887,46.4999998882,23.2723002434,18.2774016519,14.7041262076,8.69613395691,29.5999999046,20.4999997616,14.5999999046,11.1999998093,8.19999980927,5.19999980927,2.19999980927,0,0
BuckyWalters,waltebu01,1934,46.3999996185,24.3712000903,19.9416018042,15.5120035181,8.09460685455,24.3999996185,16.4999995232,10.3999996185,6.2999997139,3.19999980927,1.19999980927,0.199999809265,0,0
DizzyTrout,troutdi01,1939,46.1000005826,26.1768003479,21.9667486048,18.2653968525,11.3639229922,22.9000005722,14.7000005245,10.2000002861,7.2000002861,5.00000047684,3.00000047684,1.60000038147,0,0
BobShawkey,shawkbo01,1913,46.1000001207,19.4715999663,14.8088322761,11.2255466336,6.25365798831,21.6000001431,15.0,9.90000009537,6.7000002861,3.7000002861,0.800000190735,-0,0,0
NoodlesHahn,hahnno01,1899,46.0000000969,30.5024006367,26.7607839682,23.0191672997,15.5359339628,33.9000000954,27.9000000954,21.9000000954,15.9000000954,9.90000009537,5.0,1.39999961853,0,0
AddieJoss,jossad01,1902,45.900001049,25.1791998148,20.1440451149,15.108890415,6.70750033998,27.900001049,19.5000009537,11.5000009537,5.60000085831,2.4000005722,1.10000038147,0.10000038147,0,2
BradRadke,radkebr01,1995,45.4999997616,22.6785000116,17.9511009041,13.8645207963,7.42351566315,23.5999996662,15.2999997139,8.7999997139,3.69999980927,0.699999809265,-0,-0,0,0
SteveRogers,rogerst01,1973,45.3999999613,26.335899815,21.79505427,17.2586087251,9.68739033794,27.0,18.0,9.59999990463,3.69999980927,1.69999980927,0.699999809265,-0,0,0
JimKaat,kaatji01,1959,45.0999998599,23.037799798,17.4093851952,12.4077096138,5.29345478153,23.8999998569,15.3999998569,9.09999990463,5.19999980927,2.7999997139,0.799999713898,-0,0,0
VidaBlue,bluevi01,1969,44.8999995366,24.3690004051,20.0846676049,16.0704731805,9.63675283587,25.2999994755,17.5999994278,11.9999995232,7.39999961853,4.69999980927,2.69999980927,1.0,0,0
GeorgeUhle,uhlege01,1919,44.4999995828,19.8280999064,14.1506832594,9.76424650788,5.66141078091,23.0999996662,15.3999996185,9.99999952316,5.5999994278,2.5999994278,1.39999961853,0.39999961853,0,0
HerbPennock,pennohe01,1912,44.1000000313,21.0974000916,16.1701802645,12.0599451318,6.88471189499,23.4000000954,14.8000001907,10.1000003815,6.10000038147,2.5,0.900000095367,-0,0,1
AlOrth,orthal01,1895,44.000000149,20.432399658,15.5238418691,10.935880111,5.59615013981,20.9000000954,13.4000000954,8.40000009537,5.40000009537,2.5,0.699999809265,-0,0,0
ChiefBender,bendech01,1903,43.900000833,23.9866997451,19.3102787974,14.83545785,7.5386408596,22.6000008583,12.6000006199,5.4000005722,1.30000019073,0.0,-0,-0,0,0
JackMorris,morrija02,1977,43.9000003487,19.6939001679,14.4267628105,10.413355536,3.94615762568,21.0000004768,11.6000003815,5.2000002861,1.0,-0,-0,-0,0,0
BobCaruthers,carutbo01,1884,43.8000000492,28.5506003052,25.3648005836,22.5438328648,17.5542654324,28.0,21.2999999523,16.0999999046,11.0999999046,6.5,3.09999990463,1.5,0,0
LarryFrench,frencla01,1929,43.7000004202,20.4635996372,15.0527538399,10.3668748321,4.39547598743,19.8000004292,9.7000002861,2.80000019073,-0,-0,-0,-0,0,0
MurryDickson,dicksmu01,1939,43.7000002414,17.834299922,11.7676347422,6.87306155574,1.18970798826,19.3000001907,9.7000002861,3.30000019073,0.0999999046326,-0,-0,-0,0,0
BobWelch,welchbo01,1978,43.6000000238,21.4246001542,16.2789779858,12.118610779,6.75247664356,19.0,9.10000014305,4.0,2.09999990463,1.09999990463,0.0999999046326,-0,0,0
JavierVazquez,vazquja01,1998,43.2999991775,25.2022998333,20.3428589129,16.3573096111,10.8587641544,23.199999094,13.9999990463,8.89999914169,4.19999933243,0.499999523163,-0,-0,0,0
SamMcDowell,mcdowsa01,1961,43.1000004634,27.6646000445,23.9137977409,20.1629954373,12.66139083,28.0000004768,21.0000004768,14.0000004768,8.4000005722,5.00000047684,2.4000005722,0.400000572205,0,0
LeftyGomez,gomezle01,1930,42.9999991432,22.9533000588,18.3978521933,14.2970805163,8.38960477543,25.699999094,17.699999094,11.7999992371,8.29999923706,5.5999994278,3.5999994278,1.5999994278,0,2
DolfLuque,luquedo01,1914,42.9000007212,21.568099618,16.6047544481,12.4147067183,8.0801848098,20.3000006676,12.8000006676,8.9000005722,6.60000038147,4.60000038147,3.60000038147,2.60000038147,0,0
DizzyDean,deandi01,1930,42.6999998838,27.8602999747,24.1084528946,20.3566058145,12.8529116544,26.5999999046,20.0999999046,14.0999999046,8.69999980927,4.09999990463,1.5,0.5,0,1
AlLeiter,leiteal01,1987,42.6000000611,26.5515997931,22.4271067093,18.8475555957,13.422080193,21.3000001907,13.3000001907,7.7000002861,3.09999990463,0.800000190735,-0,-0,0,0
CurtSimmons,simmocu01,1947,42.6000000015,18.7500000261,13.5061982322,9.1026645247,2.92643122661,18.5,9.09999990463,2.59999990463,-0,-0,-0,-0,0,0
ClaudePasseau,passecl01,1935,42.5999998897,22.7921000719,18.0504243992,13.7548309283,7.07828555298,22.2999999523,13.7000000477,6.09999990463,1.7999997139,0.400000095367,-0,-0,0,0
TomCandiotti,candito01,1983,42.5999997556,23.4754997753,19.6178405613,15.7765408942,9.43392966485,18.3999998569,10.5999999046,4.59999990463,0.699999809265,-0,-0,-0,0,0
DocWhite,whitedo01,1901,42.5999996066,17.8937998116,12.6104112689,8.40977333307,4.16139211369,19.8999996185,11.4999995232,6.19999933243,2.49999952316,0.39999961853,-0,-0,0,0
EdMorris,morried01,1884,42.5000009313,28.3190000057,25.5777167985,22.8364335914,18.7481972885,31.6000008583,27.6000008583,23.6000008583,19.6000008583,15.6000008583,12.2000007629,9.20000076294,0,0
CarlMays,maysca01,1915,42.500000447,17.3412999809,11.4367823842,7.0383749373,0.906794184685,19.9000003338,11.3000004292,5.80000066757,2.4000005722,-0,-0,-0,0,0
VirgilTrucks,truckvi01,1941,42.200000383,23.8141002655,19.7221248124,16.1175081404,9.19302883679,17.8000004292,9.7000002861,3.80000019073,1.90000009537,0.900000095367,-0,-0,0,0
FrankDwyer,dwyerfr01,1888,42.1999995559,23.0792000592,18.4322753593,14.1181506604,7.43287082386,24.4999995232,16.3999996185,9.39999961853,4.2999997139,2.09999990463,0.199999809265,-0,0,0
RichGossage,gossari01,1972,41.8999999091,20.6714002001,15.1406438597,9.82629335225,1.62486304951,18.5999999046,10.8999998569,6.69999980927,4.19999980927,2.19999980927,1.19999980927,0.199999809265,0,1
SadieMcMahon,mcmahsa01,1889,41.7999999523,24.5414996445,20.4934840755,17.4470781202,11.7390566101,25.2999999523,18.7999999523,13.0999999046,8.69999980927,4.89999961853,2.89999961853,1.39999961853,0,0
LonWarneke,warnelo01,1930,41.79999993,21.2186000124,16.7775139296,12.6677278447,6.13201819801,19.7999999523,12.1000001431,6.5,3.40000009537,1.40000009537,-0,-0,0,0
BillDonovan,donovbi01,1898,41.7999998704,19.1901998147,13.5620675827,9.00430699387,3.11573799592,21.0999999046,11.9999997616,6.2999997139,2.80000019073,0.900000095367,-0,-0,0,0
SamLeever,leevesa01,1898,41.6999998316,20.7431997862,16.0148742632,11.6582487495,4.33442225242,19.8999998569,12.2999997139,6.7999997139,3.0,1.0,-0,-0,0,0
HarryBrecheen,brechha01,1940,41.3999995962,23.4674997255,19.109902257,15.0376705141,9.02762311459,19.8999996185,11.4999995232,7.39999961853,4.2999997139,2.89999961853,1.89999961853,0.89999961853,0,0
JackChesbro,chesbja01,1899,41.2999997661,20.6432997584,16.0611216577,12.0951868956,5.5723872385,25.4999997616,18.4999997616,11.6999998093,6.5,4.19999980927,3.19999980927,2.19999980927,0,0
BillDinneen,dinnebi01,1898,41.1999997646,18.7682999969,14.3865969656,10.5374287621,4.36384690189,22.7999997139,16.4999997616,11.2999997139,6.2999997139,2.19999980927,0.0,-0,0,0
JesseTannehill,tanneje01,1894,41.100000076,20.7840999663,16.6044843293,12.5933493035,5.24802776814,22.9000000954,16.0,10.0,5.40000009537,2.59999990463,0.900000095367,-0,0,0
JackStivetts,stiveja01,1889,40.9999997616,20.9294999838,15.9487287717,12.1265575323,8.33055318642,24.1999998093,16.1999998093,9.7999997139,4.89999961853,1.59999990463,0.599999904633,-0,0,0
MelStottlemyre,stottme01,1964,40.5999994874,18.6638999283,14.1712413019,10.1031488619,4.62031196117,20.4999995232,12.0999996662,6.19999980927,2.90000009537,0.800000190735,-0,-0,0,0
SamJones,jonessa01,1914,40.4999995008,12.3056999668,8.9299386559,6.25339711556,2.54857426524,12.2999994755,6.7999997139,4.19999980927,2.19999980927,0.699999809265,-0,-0,0,0
BillHutchison,hutchbi01,1884,40.4000004232,15.3895000666,10.1314259022,5.86797814266,0.987072424203,26.8000004292,20.4000003338,15.6000003815,12.4000005722,9.4000005722,6.4000005722,3.4000005722,0,0
DannyDarwin,darwida01,1978,40.4000003263,21.276900053,16.6992179055,12.4704103654,6.94537455583,15.2000002861,6.5,3.0,1.0,-0,-0,-0,0,0
NigCuppy,cuppyni01,1892,40.3000002652,22.0967000499,18.1011858998,14.2110717531,7.5668413744,24.2000002861,18.2000002861,13.2000002861,9.60000038147,6.60000038147,3.7000002861,1.80000019073,0,0
JohnCandelaria,candejo01,1975,40.0000001416,22.3195002526,18.0342603873,14.1824934009,7.57642658424,16.3000001907,8.79999995232,3.90000009537,2.40000009537,1.40000009537,0.400000095367,-0,0,0
BartoloColon,colonba01,1997,39.5999999642,21.6429001093,17.4251248358,13.4307105501,6.15364887714,19.0,10.9000000954,3.90000009537,0.0999999046326,-0,-0,-0,0,0
CharlieHough,houghch01,1970,39.4000001103,15.4221000373,10.4667808213,6.72348279607,2.50592016792,14.9000000954,7.70000004768,3.59999990463,1.30000019073,0.300000190735,-0,-0,0,0
EdReulbach,reulbed01,1905,39.1000003517,22.7176001668,18.9784850331,15.819110745,9.97112129879,20.4000003338,12.8000001907,7.30000019073,3.7000002861,2.30000019073,1.30000019073,0.300000190735,0,0
PaulDerringer,derripa01,1931,38.9999998659,13.6748003364,9.37949142385,5.73311891103,0.651163601875,14.6999998093,7.59999990463,2.09999990463,0.5,-0,-0,-0,0,0
HowardEhmke,ehmkeho01,1915,38.9999996722,17.3617998958,13.336785409,9.82507092381,4.24903822827,19.7999997139,13.0999999046,8.09999990463,4.80000019073,2.5,1.30000019073,0.300000190735,0,0
WillWhite,whitewi01,1877,38.9999989867,20.8142996877,17.7509715571,15.6300434051,11.9844047718,25.2999989986,20.099998951,15.1999988556,11.1999988556,7.99999904633,5.79999923706,3.79999923706,0,0
JonMatlack,matlajo01,1971,38.900000535,22.3340995312,18.9160855782,15.4980716252,9.0698360281,22.4000005722,16.3000006676,10.3000006676,6.40000009537,3.40000009537,2.0,1.0,0,0
PinkHawley,hawlepi01,1892,38.8000000715,16.9669003487,13.726957087,10.4870138254,4.2036250515,23.4000000954,18.3000001907,14.3000001907,10.3000001907,6.40000009537,3.80000019073,1.80000019073,0,0
TomZachary,zachato01,1918,38.6999995336,15.8825998902,11.0473063478,7.60286641002,2.46988658047,14.4999995232,6.59999966621,1.7999997139,-0,-0,-0,-0,0,0
JimPerry,perryji01,1959,38.5999997258,18.6093997359,14.3398390115,10.5745782855,4.7283038888,15.4999997616,7.69999980927,2.5,1.19999980927,0.199999809265,-0,-0,0,0
CandyCummings,cummica01,1872,38.5000001192,25.0761003494,21.4738927112,17.8716850729,12.0562361202,29.9000000954,24.9000000954,19.9000000954,15.5999999046,11.5999999046,8.0,5.19999980927,0,2
NedGarver,garvene01,1948,38.4999999404,20.8267002702,17.3825884503,14.1120565947,8.51470765805,16.7999999523,11.0,6.0,2.90000009537,1.30000019073,0.300000190735,-0,0,0
RubeWalberg,walberu01,1923,38.3999999911,16.1098001301,11.6338219811,7.94239426351,2.36933325291,15.7999999523,7.19999980927,3.69999980927,1.69999980927,0.0,-0,-0,0,0
CarlosZambrano,zambrca01,2001,38.1999998689,24.8020999432,21.6436102699,18.4851205966,12.3362756548,20.3999998569,12.5999999046,7.19999980927,2.89999961853,0.599999904633,-0,-0,0,0
CamiloPascual,pascuca02,1954,38.0000004843,25.6822002828,22.3040268289,18.9618533734,12.6544769351,22.6000003815,15.2000002861,9.2000002861,4.7000002861,2.0,0.800000190735,-0,0,0
JeffPfeffer,pfeffje01,1911,38.0000001788,22.6213000119,18.8842758641,15.1472517163,7.96487157452,22.8000001907,15.8000001907,9.7000002861,5.10000038147,2.0,0.699999809265,-0,0,0
CharleyRoot,rootch01,1923,37.8999995664,16.0164002329,11.001390265,7.33444102275,2.16924010372,13.8999996185,5.49999976158,2.0,0.199999809265,-0,-0,-0,0,0
MarkGubicza,gubicma01,1984,37.7000003755,20.4730000198,16.5063449398,13.0102806499,7.14895731974,17.9000003338,11.8000001907,7.40000009537,4.0,2.0,0.699999809265,-0,0,0
BobLemon,lemonbo01,1946,37.4000004008,16.7104999572,11.9062937869,8.39409109235,2.82137026501,17.6000003815,9.30000019073,4.30000019073,0.599999904633,-0,-0,-0,0,1
AndyMessersmith,messean01,1968,37.4000003934,19.7432000935,15.6491041917,11.8335332799,5.83568736506,18.3000004292,11.3000004292,6.50000047684,2.50000047684,0.5,-0,-0,0,0
FernandoValenzuela,valenfe01,1980,37.3000004515,18.8084999919,14.7051568937,11.0113137983,4.63452352738,18.0000004768,10.4000003338,4.7000002861,0.800000190735,-0,-0,-0,0,0
CurtDavis,daviscu01,1934,37.2000003532,20.6106001288,16.7528085417,13.7019669728,8.17021947098,16.9000003338,10.1000003815,7.2000002861,5.2000002861,3.2000002861,1.30000019073,0.300000190735,0,0
ClaudeOsteen,osteecl01,1957,36.9000001028,12.8773999792,8.69750792441,5.73041856205,2.0120147284,14.0000002384,6.80000019073,2.90000009537,0.900000095367,-0,-0,-0,0,0
DutchLeonard,leonadu01,1913,36.6999998018,17.9907004833,14.1004407587,10.4967439001,5.28098109961,19.9999997616,13.2999997139,7.69999980927,4.5,3.30000019073,2.30000019073,1.30000019073,0,0
BurtHooton,hootobu01,1971,36.6999996305,18.6831000447,15.3984934599,12.113886875,6.5063247385,15.8999996185,8.89999961853,3.7999997139,0.699999809265,-0,-0,-0,0,0
CatfishHunter,hunteca01,1965,36.5000003576,15.1518997923,11.8723679137,9.24733602047,3.99727223396,18.4000003338,13.3000001907,9.30000019073,5.60000038147,3.00000047684,1.10000038147,0.10000038147,0,1
BarryZito,zitoba01,2000,36.4999999776,18.6717001796,14.5824233232,11.0501365628,6.05002692604,17.5,10.1000001431,5.40000009537,2.5,1.19999980927,0.199999809265,-0,0,0
JustinVerlander,verlaju01,2005,35.9999992102,21.6030995846,18.517752969,15.4324063535,9.26171312237,22.2999992371,16.2999992371,10.2999992371,6.69999933243,4.0999994278,2.0999994278,0.39999961853,0,0
BumpHadley,hadlebu01,1926,35.7999995276,17.203900367,12.9490497489,8.83369913772,2.54516245717,17.6999995708,10.3999996185,4.89999961853,2.19999980927,1.19999980927,0.199999809265,-0,0,0
JesseHaines,haineje01,1918,35.7000001371,14.1988001056,10.4946414115,7.17018271874,2.29030600896,9.0,4.89999985695,2.09999990463,0.5,-0,-0,-0,0,2
BobRush,rushbo01,1948,35.7000000328,13.8863999099,9.61801604563,6.37339655828,1.78099296379,14.4000000954,8.50000023842,3.80000019073,0.699999809265,-0,-0,-0,0,0
ChrisCarpenter,carpech01,1997,35.3000000268,19.5582998618,15.9570410081,12.6056821601,8.02702004564,16.7000000477,9.5,5.40000009537,2.40000009537,0.5,-0,-0,0,0
CliffLee,leecl02,2002,35.2000008821,21.5342004076,18.6255766926,16.4049302278,12.2845992842,18.1000008583,12.7000007629,8.30000066757,5.50000047684,3.50000047684,1.60000038147,0.60000038147,0,0
FreddyGarcia,garcifr03,1999,35.1999999061,16.4122998714,12.1384887547,8.23522994423,3.6892997179,13.0999999046,5.89999985695,1.69999980927,0.5,-0,-0,-0,0,0
ThorntonLee,leeth01,1933,35.1000000536,19.3159999251,15.7261557834,12.271011642,6.08960741043,19.4000000954,12.4000000954,6.59999990463,4.09999990463,2.69999980927,1.69999980927,0.699999809265,0,0
